{"humor": 0.7105715876251795, "bulk_apperception": 0.0851795717318149, "courage": 0.8235750733689771, "tenacity": 0.9116295919882388, "cruelty": 0.7039703324954942, "aggression": 0.12530569896795107, "imagination": 0.6706525330434221, "patience": 0.6537308810228971, "humility": 0.81612803231607, "curiosity": 0.4942010230551611, "coordination": 0.4883125416430777, "charm": 0.4395893073697196, "loyalty": 0.9176630476368624, "sensuality": 0.8404596760578972, "empathy": 0.47557842311845555, "self_preservation": 0.8460091112117835, "dicisiveness": 0.32167595196792453, "meekness": 0.7132591619579851, "candor": 0.24577519046623064, "vivacity": 0.6223339998543925}