{"humor": 0.26400573791006154, "bulk_apperception": 0.9302985168727899, "courage": 0.3316991395433938, "tenacity": 0.5860055021109517, "cruelty": 0.15309739123424448, "aggression": 0.0007488656227669921, "imagination": 0.8764005676542507, "patience": 0.6904243412179568, "humility": 0.5210996527842802, "curiosity": 0.48101733385122314, "coordination": 0.8719205816358595, "charm": 0.008278292032574464, "loyalty": 0.6603620088455923, "sensuality": 0.91127720867952, "empathy": 0.9759338277870074, "self_preservation": 0.4678783892016858, "dicisiveness": 0.13580397307538428, "meekness": 0.8341443144961131, "candor": 0.2997721944625029, "vivacity": 0.14766430552519794}