{"humor": 0.8718664742673121, "bulk_apperception": 0.4410206552650704, "courage": 0.995496365188769, "tenacity": 0.6366002842260386, "cruelty": 0.650702217053968, "aggression": 0.3884957757238424, "imagination": 0.6472556745015187, "patience": 0.3487609229743134, "humility": 0.8941086027228095, "curiosity": 0.21277275334547974, "coordination": 0.09143904253034862, "charm": 0.6597881829726231, "loyalty": 0.6489276887194481, "sensuality": 0.24376010058018394, "empathy": 0.30617154468259933, "self_preservation": 0.08616781560819209, "dicisiveness": 0.15782889073995854, "meekness": 0.2757553516844886, "candor": 0.21570582618869216, "vivacity": 0.8329167794142938}