{"humor": 0.7064360116950641, "bulk_apperception": 0.6757537396713658, "courage": 0.3807785575480588, "tenacity": 0.9361782360194532, "cruelty": 0.009420373267724158, "aggression": 0.18988875629802426, "imagination": 0.026272023685085744, "patience": 0.8531125921694697, "humility": 0.07100690778234287, "curiosity": 0.32172799797492957, "coordination": 0.3921969581952216, "charm": 0.41839413170372364, "loyalty": 0.7817029978595255, "sensuality": 0.4056081175171983, "empathy": 0.12109019505883212, "self_preservation": 0.29776281593434173, "dicisiveness": 0.25991754747806906, "meekness": 0.9225120856878312, "candor": 0.8752659367056559, "vivacity": 0.6065041467860042}