{"value": 0.28604431089833315, "traits": {"bulk_apperception": {"value": 0.862134145193517, "traits": {}}, "aggression": {"value": 0.33651174455467936, "traits": {}}, "curiosity": {"value": 0.9474390543789418, "traits": {}}, "humor": {"value": 0.2458973712084067, "traits": {}}, "sensuality": {"value": 0.46581920070744764, "traits": {}}, "humility": {"value": 0.2218039911719909, "traits": {}}, "self_preservation": {"value": 0.5609424976398271, "traits": {}}, "charm": {"value": 0.7374332179520209, "traits": {}}, "candor": {"value": 0.6333257115564843, "traits": {}}, "loyalty": {"value": 0.903898451141026, "traits": {}}, "meekness": {"value": 0.40222557230577327, "traits": {}}, "dicisiveness": {"value": 0.24347327542173314, "traits": {}}, "coordination": {"value": 0.4646990212152029, "traits": {}}, "empathy": {"value": 0.20570001499159052, "traits": {}}, "patience": {"value": 0.8720189087400851, "traits": {}}, "cruelty": {"value": 0.5282811339952287, "traits": {}}, "courage": {"value": 0.017341263329792356, "traits": {}}, "vivacity": {"value": 0.170890047820614, "traits": {}}, "imagination": {"value": 0.3895919484754442, "traits": {}}, "tenacity": {"value": 0.18002945400696369, "traits": {}}}}