{"humor": 0.9911576298803113, "bulk_apperception": 0.60239366856089, "courage": 0.747398467584002, "tenacity": 0.6164810179130248, "cruelty": 0.16353757260154167, "aggression": 0.9923457537137752, "imagination": 0.43674327337600705, "patience": 0.8916747806290262, "humility": 0.9739814809468716, "curiosity": 0.30378731292089445, "coordination": 0.5055523785618588, "charm": 0.045197360754976934, "loyalty": 0.07866128111201731, "sensuality": 0.5971525513770769, "empathy": 0.7029161657820368, "self_preservation": 0.586591586063352, "dicisiveness": 0.5693397654946292, "meekness": 0.17619247341515454, "candor": 0.516727844945719, "vivacity": 0.8624063015112853}