{"humor": 0.04903292201978782, "bulk_apperception": 0.8904376082019413, "courage": 0.08713728052543457, "tenacity": 0.15453872678840186, "cruelty": 0.3239306650359707, "aggression": 0.8868104035071677, "imagination": 0.7039731037833019, "patience": 0.15860919227781212, "humility": 0.5181402702946406, "curiosity": 0.06313738973357141, "coordination": 0.5066910224178535, "charm": 0.2279343792523324, "loyalty": 0.05058041099353816, "sensuality": 0.9677140317501095, "empathy": 0.027783150872064843, "self_preservation": 0.17852096872517598, "dicisiveness": 0.6083759557512978, "meekness": 0.6490706187672548, "candor": 0.5795164437299135, "vivacity": 0.8470051150795181}