{"humor": 0.7997290931026136, "bulk_apperception": 0.4052754393875151, "courage": 0.9202009946038161, "tenacity": 0.27928243153011745, "cruelty": 0.005841166077855342, "aggression": 0.9131993526291635, "imagination": 0.48126870246953946, "patience": 0.6739330623097932, "humility": 0.7691433582325211, "curiosity": 0.2579646675229148, "coordination": 0.010561391071452375, "charm": 0.07598265395081072, "loyalty": 0.008827280251051839, "sensuality": 0.7604237215071685, "empathy": 0.07376672729676614, "self_preservation": 0.9067083629318179, "dicisiveness": 0.6973605640129864, "meekness": 0.6890176488031944, "candor": 0.355882708708014, "vivacity": 0.27311930975571586}