{"traits": {"aggression": {"traits": {}, "value": 0.8025592963921767}, "tenacity": {"traits": {}, "value": 0.4586462972163733}, "coordination": {"traits": {}, "value": 0.2397879145340165}, "bulk_apperception": {"traits": {}, "value": 0.9472118693709315}, "empathy": {"traits": {}, "value": 0.7012558910599027}, "curiosity": {"traits": {}, "value": 0.006704479680791686}, "loyalty": {"traits": {}, "value": 0.24972434054550663}, "meekness": {"traits": {}, "value": 0.28285412485229067}, "cruelty": {"traits": {}, "value": 0.3762282422781893}, "imagination": {"traits": {}, "value": 0.14920845247414638}, "self_preservation": {"traits": {}, "value": 0.078071182823224}, "patience": {"traits": {}, "value": 0.9700896221038249}, "dicisiveness": {"traits": {}, "value": 0.4891159774542212}, "humor": {"traits": {}, "value": 0.35941427198942766}, "courage": {"traits": {}, "value": 0.48411982270422516}, "sensuality": {"traits": {}, "value": 0.6769870986614059}, "humility": {"traits": {}, "value": 0.10824994679303745}, "vivacity": {"traits": {}, "value": 0.5660098697345314}, "candor": {"traits": {}, "value": 0.22152435919735114}, "charm": {"traits": {}, "value": 0.9408818635961876}}, "value": 0.4111151349354556}