{"humor": 0.10116047929352223, "bulk_apperception": 0.602309462709006, "courage": 0.7623761255687987, "tenacity": 0.4021341088516688, "cruelty": 0.46826856138138795, "aggression": 0.4845704538652835, "imagination": 0.4985802453308943, "patience": 0.6253400773707181, "humility": 0.9730514467888505, "curiosity": 0.19484377642530037, "coordination": 0.5001815781278086, "charm": 0.05886021958674115, "loyalty": 0.4920234783294304, "sensuality": 0.006077364525553741, "empathy": 0.6197230260831812, "self_preservation": 0.3971275582267857, "dicisiveness": 0.015978715728095394, "meekness": 0.6651348555278087, "candor": 0.9985878707034297, "vivacity": 0.010693042768166294}