{"humor": 0.7477167164099164, "bulk_apperception": 0.76003615511003, "courage": 0.5129864245540334, "tenacity": 0.30535453716881855, "cruelty": 0.3976509597881758, "aggression": 0.904689941411219, "imagination": 0.40721469669175636, "patience": 0.7177968316639628, "humility": 0.08697116433762786, "curiosity": 0.27532875754188035, "coordination": 0.5642976578758333, "charm": 0.025965223048532993, "loyalty": 0.6191150887278105, "sensuality": 0.19856020900760896, "empathy": 0.7167606245641165, "self_preservation": 0.7868168012714118, "dicisiveness": 0.09734540712774953, "meekness": 0.553639881634393, "candor": 0.400936241443151, "vivacity": 0.09701940214506599}