{"value": 0.887449006225248, "traits": {"loyalty": {"value": 0.34299365172231755, "traits": {}}, "candor": {"value": 0.9673004254754343, "traits": {}}, "bulk_apperception": {"value": 0.21922494572144247, "traits": {}}, "dicisiveness": {"value": 0.4989178458180439, "traits": {}}, "aggression": {"value": 0.17994863565663177, "traits": {}}, "self_preservation": {"value": 0.9709157625905226, "traits": {}}, "meekness": {"value": 0.8191067956061181, "traits": {}}, "curiosity": {"value": 0.30787038847662573, "traits": {}}, "humility": {"value": 0.8058290266890511, "traits": {}}, "sensuality": {"value": 0.7632974203026578, "traits": {}}, "coordination": {"value": 0.31741289414445006, "traits": {}}, "humor": {"value": 0.7590200138669768, "traits": {}}, "vivacity": {"value": 0.04360060095695595, "traits": {}}, "patience": {"value": 0.10820215569126146, "traits": {}}, "empathy": {"value": 0.5878024248296488, "traits": {}}, "courage": {"value": 0.37494440796086126, "traits": {}}, "charm": {"value": 0.2536190864380383, "traits": {}}, "tenacity": {"value": 0.1961425778107555, "traits": {}}, "imagination": {"value": 0.5338627675173293, "traits": {}}, "cruelty": {"value": 0.17371236849206995, "traits": {}}}}