{"humor": 0.7590200138669768, "bulk_apperception": 0.21922494572144247, "courage": 0.37494440796086126, "tenacity": 0.1961425778107555, "cruelty": 0.17371236849206995, "aggression": 0.17994863565663177, "imagination": 0.5338627675173293, "patience": 0.10820215569126146, "humility": 0.8058290266890511, "curiosity": 0.30787038847662573, "coordination": 0.31741289414445006, "charm": 0.2536190864380383, "loyalty": 0.34299365172231755, "sensuality": 0.7632974203026578, "empathy": 0.5878024248296488, "self_preservation": 0.9709157625905226, "dicisiveness": 0.4989178458180439, "meekness": 0.8191067956061181, "candor": 0.9673004254754343, "vivacity": 0.04360060095695595}