{"humor": 0.2458973712084067, "bulk_apperception": 0.862134145193517, "courage": 0.017341263329792356, "tenacity": 0.18002945400696369, "cruelty": 0.5282811339952287, "aggression": 0.33651174455467936, "imagination": 0.3895919484754442, "patience": 0.8720189087400851, "humility": 0.2218039911719909, "curiosity": 0.9474390543789418, "coordination": 0.4646990212152029, "charm": 0.7374332179520209, "loyalty": 0.903898451141026, "sensuality": 0.46581920070744764, "empathy": 0.20570001499159052, "self_preservation": 0.5609424976398271, "dicisiveness": 0.24347327542173314, "meekness": 0.40222557230577327, "candor": 0.6333257115564843, "vivacity": 0.170890047820614}