{"traits": {"curiosity": {"traits": {}, "value": 0.2579646675229148}, "meekness": {"traits": {}, "value": 0.6890176488031944}, "candor": {"traits": {}, "value": 0.355882708708014}, "empathy": {"traits": {}, "value": 0.07376672729676614}, "self_preservation": {"traits": {}, "value": 0.9067083629318179}, "cruelty": {"traits": {}, "value": 0.005841166077855342}, "coordination": {"traits": {}, "value": 0.010561391071452375}, "vivacity": {"traits": {}, "value": 0.27311930975571586}, "patience": {"traits": {}, "value": 0.6739330623097932}, "aggression": {"traits": {}, "value": 0.9131993526291635}, "humor": {"traits": {}, "value": 0.7997290931026136}, "sensuality": {"traits": {}, "value": 0.7604237215071685}, "bulk_apperception": {"traits": {}, "value": 0.4052754393875151}, "tenacity": {"traits": {}, "value": 0.27928243153011745}, "courage": {"traits": {}, "value": 0.9202009946038161}, "imagination": {"traits": {}, "value": 0.48126870246953946}, "humility": {"traits": {}, "value": 0.7691433582325211}, "loyalty": {"traits": {}, "value": 0.008827280251051839}, "dicisiveness": {"traits": {}, "value": 0.6973605640129864}, "charm": {"traits": {}, "value": 0.07598265395081072}}, "value": 0.48486588359429095}