{"traits": {"empathy": {"traits": {}, "value": 0.027783150872064843}, "cruelty": {"traits": {}, "value": 0.3239306650359707}, "bulk_apperception": {"traits": {}, "value": 0.8904376082019413}, "patience": {"traits": {}, "value": 0.15860919227781212}, "meekness": {"traits": {}, "value": 0.6490706187672548}, "courage": {"traits": {}, "value": 0.08713728052543457}, "candor": {"traits": {}, "value": 0.5795164437299135}, "curiosity": {"traits": {}, "value": 0.06313738973357141}, "tenacity": {"traits": {}, "value": 0.15453872678840186}, "coordination": {"traits": {}, "value": 0.5066910224178535}, "sensuality": {"traits": {}, "value": 0.9677140317501095}, "dicisiveness": {"traits": {}, "value": 0.6083759557512978}, "humility": {"traits": {}, "value": 0.5181402702946406}, "loyalty": {"traits": {}, "value": 0.05058041099353816}, "aggression": {"traits": {}, "value": 0.8868104035071677}, "vivacity": {"traits": {}, "value": 0.8470051150795181}, "imagination": {"traits": {}, "value": 0.7039731037833019}, "self_preservation": {"traits": {}, "value": 0.17852096872517598}, "humor": {"traits": {}, "value": 0.04903292201978782}, "charm": {"traits": {}, "value": 0.2279343792523324}}, "value": 0.9873227287587211}