{"value": 0.9836353907696919, "traits": {"imagination": {"value": 0.6472556745015187, "traits": {}}, "bulk_apperception": {"value": 0.4410206552650704, "traits": {}}, "sensuality": {"value": 0.24376010058018394, "traits": {}}, "tenacity": {"value": 0.6366002842260386, "traits": {}}, "aggression": {"value": 0.3884957757238424, "traits": {}}, "dicisiveness": {"value": 0.15782889073995854, "traits": {}}, "coordination": {"value": 0.09143904253034862, "traits": {}}, "candor": {"value": 0.21570582618869216, "traits": {}}, "loyalty": {"value": 0.6489276887194481, "traits": {}}, "cruelty": {"value": 0.650702217053968, "traits": {}}, "humor": {"value": 0.8718664742673121, "traits": {}}, "empathy": {"value": 0.30617154468259933, "traits": {}}, "vivacity": {"value": 0.8329167794142938, "traits": {}}, "charm": {"value": 0.6597881829726231, "traits": {}}, "self_preservation": {"value": 0.08616781560819209, "traits": {}}, "curiosity": {"value": 0.21277275334547974, "traits": {}}, "meekness": {"value": 0.2757553516844886, "traits": {}}, "humility": {"value": 0.8941086027228095, "traits": {}}, "patience": {"value": 0.3487609229743134, "traits": {}}, "courage": {"value": 0.995496365188769, "traits": {}}}}