{"traits": {"meekness": {"traits": {}, "value": 0.07847118569260514}, "tenacity": {"traits": {}, "value": 0.8272624444092515}, "dicisiveness": {"traits": {}, "value": 0.6166818588856502}, "patience": {"traits": {}, "value": 0.5751262640905}, "coordination": {"traits": {}, "value": 0.9884968793799574}, "vivacity": {"traits": {}, "value": 0.447619969955134}, "curiosity": {"traits": {}, "value": 0.6554636415045716}, "empathy": {"traits": {}, "value": 0.25200181128948396}, "self_preservation": {"traits": {}, "value": 0.6849006638822875}, "candor": {"traits": {}, "value": 0.17042041606402802}, "loyalty": {"traits": {}, "value": 0.008698019244210875}, "bulk_apperception": {"traits": {}, "value": 0.06203366954652012}, "cruelty": {"traits": {}, "value": 0.40032404382897613}, "humor": {"traits": {}, "value": 0.04983454378406926}, "charm": {"traits": {}, "value": 0.3122380238729888}, "imagination": {"traits": {}, "value": 0.9338925699320144}, "aggression": {"traits": {}, "value": 0.33602469571172955}, "humility": {"traits": {}, "value": 0.009299068755357576}, "sensuality": {"traits": {}, "value": 0.7576056033994719}, "courage": {"traits": {}, "value": 0.78985619914053}}, "value": 0.5609834796794169}