{"value": 0.21487006681207832, "traits": {"courage": {"value": 0.30635377290898624, "traits": {}}, "humor": {"value": 0.07197155843082037, "traits": {}}, "patience": {"value": 0.952395089612862, "traits": {}}, "bulk_apperception": {"value": 0.2655382329135463, "traits": {}}, "loyalty": {"value": 0.20406781496682025, "traits": {}}, "curiosity": {"value": 0.9939093425540863, "traits": {}}, "vivacity": {"value": 0.012731291935311195, "traits": {}}, "meekness": {"value": 0.951422863227899, "traits": {}}, "humility": {"value": 0.9216225779923916, "traits": {}}, "self_preservation": {"value": 0.14114484242122882, "traits": {}}, "charm": {"value": 0.3456420500775388, "traits": {}}, "candor": {"value": 0.8155076403212416, "traits": {}}, "sensuality": {"value": 0.2545779906012504, "traits": {}}, "cruelty": {"value": 0.6133981183649235, "traits": {}}, "empathy": {"value": 0.8494652462512045, "traits": {}}, "imagination": {"value": 0.9320451416125078, "traits": {}}, "aggression": {"value": 0.8529214568217636, "traits": {}}, "tenacity": {"value": 0.7358372263530198, "traits": {}}, "dicisiveness": {"value": 0.624869246240993, "traits": {}}, "coordination": {"value": 0.596316789749385, "traits": {}}}}