{"value": 0.5470887058099668, "traits": {"dicisiveness": {"value": 0.003827844849108808, "traits": {}}, "patience": {"value": 0.27951291758361085, "traits": {}}, "courage": {"value": 0.34603668687477773, "traits": {}}, "candor": {"value": 0.700475358007139, "traits": {}}, "self_preservation": {"value": 0.9869149026001284, "traits": {}}, "charm": {"value": 0.457733157929739, "traits": {}}, "bulk_apperception": {"value": 0.7397595636803816, "traits": {}}, "loyalty": {"value": 0.538973053020538, "traits": {}}, "cruelty": {"value": 0.5823995348829536, "traits": {}}, "meekness": {"value": 0.9308207426380891, "traits": {}}, "coordination": {"value": 0.26338603343898237, "traits": {}}, "empathy": {"value": 0.5749001123996401, "traits": {}}, "sensuality": {"value": 0.708629199416319, "traits": {}}, "tenacity": {"value": 0.26708964600911334, "traits": {}}, "imagination": {"value": 0.22719199397986845, "traits": {}}, "curiosity": {"value": 0.6764190196770313, "traits": {}}, "humor": {"value": 0.7707001523503699, "traits": {}}, "aggression": {"value": 0.8118038860294525, "traits": {}}, "vivacity": {"value": 0.6973808859312268, "traits": {}}, "humility": {"value": 0.40257381260949554, "traits": {}}}}