{"humor": 0.9765701665102693, "bulk_apperception": 0.9977733048606271, "courage": 0.7908053831765534, "tenacity": 0.39410935025771543, "cruelty": 0.12436683076325528, "aggression": 0.5538785933806959, "imagination": 0.5383306994094749, "patience": 0.6221916214596622, "humility": 0.9875331242705668, "curiosity": 0.6731974717876549, "coordination": 0.5862552797282033, "charm": 0.1453908975545375, "loyalty": 0.10119476955539397, "sensuality": 0.5470764331302782, "empathy": 0.10427834897957211, "self_preservation": 0.5138374050034602, "dicisiveness": 0.6870233968171583, "meekness": 0.5445717571267308, "candor": 0.12847607436256236, "vivacity": 0.797539553731786}