{"humor": 0.04983454378406926, "bulk_apperception": 0.06203366954652012, "courage": 0.78985619914053, "tenacity": 0.8272624444092515, "cruelty": 0.40032404382897613, "aggression": 0.33602469571172955, "imagination": 0.9338925699320144, "patience": 0.5751262640905, "humility": 0.009299068755357576, "curiosity": 0.6554636415045716, "coordination": 0.9884968793799574, "charm": 0.3122380238729888, "loyalty": 0.008698019244210875, "sensuality": 0.7576056033994719, "empathy": 0.25200181128948396, "self_preservation": 0.6849006638822875, "dicisiveness": 0.6166818588856502, "meekness": 0.07847118569260514, "candor": 0.17042041606402802, "vivacity": 0.447619969955134}