{"humor": 0.4951212803726531, "bulk_apperception": 0.5790939347635402, "courage": 0.7812076151203368, "tenacity": 0.8091896615936883, "cruelty": 0.8252743667822413, "aggression": 0.1748385311063262, "imagination": 0.8655749268218808, "patience": 0.20975439727777012, "humility": 0.7418272504174723, "curiosity": 0.5648401527827105, "coordination": 0.32802076997743923, "charm": 0.5308790897695087, "loyalty": 0.5476124446787628, "sensuality": 0.31409855238572737, "empathy": 0.3437194789769029, "self_preservation": 0.25508791521057694, "dicisiveness": 0.6214867921871678, "meekness": 0.8541881747215774, "candor": 0.12887950117659053, "vivacity": 0.619111035288264}