{"value": 0.4615530147130704, "traits": {"bulk_apperception": {"value": 0.45809969469064826, "traits": {}}, "cruelty": {"value": 0.9524173703853025, "traits": {}}, "humility": {"value": 0.5478008645931428, "traits": {}}, "patience": {"value": 0.6912965076944886, "traits": {}}, "self_preservation": {"value": 0.8359737108156381, "traits": {}}, "sensuality": {"value": 0.6352106245312151, "traits": {}}, "curiosity": {"value": 0.33694437809603506, "traits": {}}, "charm": {"value": 0.6142743631274811, "traits": {}}, "humor": {"value": 0.9752004367430588, "traits": {}}, "candor": {"value": 0.2856544964259953, "traits": {}}, "meekness": {"value": 0.03484502837932146, "traits": {}}, "vivacity": {"value": 0.3561538026195469, "traits": {}}, "dicisiveness": {"value": 0.7496676279778058, "traits": {}}, "imagination": {"value": 0.5778128772951308, "traits": {}}, "empathy": {"value": 0.7146442204428234, "traits": {}}, "coordination": {"value": 0.008362791915609624, "traits": {}}, "aggression": {"value": 0.4499666299986842, "traits": {}}, "loyalty": {"value": 0.6791998162697855, "traits": {}}, "tenacity": {"value": 0.1375042225957922, "traits": {}}, "courage": {"value": 0.8681400202779387, "traits": {}}}}