{"humor": 0.35941427198942766, "bulk_apperception": 0.9472118693709315, "courage": 0.48411982270422516, "tenacity": 0.4586462972163733, "cruelty": 0.3762282422781893, "aggression": 0.8025592963921767, "imagination": 0.14920845247414638, "patience": 0.9700896221038249, "humility": 0.10824994679303745, "curiosity": 0.006704479680791686, "coordination": 0.2397879145340165, "charm": 0.9408818635961876, "loyalty": 0.24972434054550663, "sensuality": 0.6769870986614059, "empathy": 0.7012558910599027, "self_preservation": 0.078071182823224, "dicisiveness": 0.4891159774542212, "meekness": 0.28285412485229067, "candor": 0.22152435919735114, "vivacity": 0.5660098697345314}