{"traits": {"aggression": {"traits": {}, "value": 0.904689941411219}, "self_preservation": {"traits": {}, "value": 0.7868168012714118}, "loyalty": {"traits": {}, "value": 0.6191150887278105}, "coordination": {"traits": {}, "value": 0.5642976578758333}, "charm": {"traits": {}, "value": 0.025965223048532993}, "cruelty": {"traits": {}, "value": 0.3976509597881758}, "vivacity": {"traits": {}, "value": 0.09701940214506599}, "empathy": {"traits": {}, "value": 0.7167606245641165}, "humility": {"traits": {}, "value": 0.08697116433762786}, "sensuality": {"traits": {}, "value": 0.19856020900760896}, "tenacity": {"traits": {}, "value": 0.30535453716881855}, "candor": {"traits": {}, "value": 0.400936241443151}, "humor": {"traits": {}, "value": 0.7477167164099164}, "bulk_apperception": {"traits": {}, "value": 0.76003615511003}, "courage": {"traits": {}, "value": 0.5129864245540334}, "meekness": {"traits": {}, "value": 0.553639881634393}, "patience": {"traits": {}, "value": 0.7177968316639628}, "curiosity": {"traits": {}, "value": 0.27532875754188035}, "imagination": {"traits": {}, "value": 0.40721469669175636}, "dicisiveness": {"traits": {}, "value": 0.09734540712774953}}, "value": 0.15913184359632027}