{"value": 0.5564292272806337, "traits": {"empathy": {"value": 0.39272488797386984, "traits": {}}, "humility": {"value": 0.3672958386538032, "traits": {}}, "meekness": {"value": 0.4177730108317089, "traits": {}}, "vivacity": {"value": 0.9023346891982041, "traits": {}}, "bulk_apperception": {"value": 0.5855901087932478, "traits": {}}, "self_preservation": {"value": 0.4638767154551775, "traits": {}}, "curiosity": {"value": 0.3670975783730983, "traits": {}}, "courage": {"value": 0.729983428972011, "traits": {}}, "humor": {"value": 0.3962475221309578, "traits": {}}, "imagination": {"value": 0.8643052422709213, "traits": {}}, "patience": {"value": 0.4293253825258998, "traits": {}}, "charm": {"value": 0.8569374822799798, "traits": {}}, "aggression": {"value": 0.8501504681423964, "traits": {}}, "loyalty": {"value": 0.07544382011591888, "traits": {}}, "cruelty": {"value": 0.9654244588367403, "traits": {}}, "tenacity": {"value": 0.13136959286766492, "traits": {}}, "dicisiveness": {"value": 0.7672816466608763, "traits": {}}, "sensuality": {"value": 0.5436002020940094, "traits": {}}, "coordination": {"value": 0.8413303098438835, "traits": {}}, "candor": {"value": 0.9617073317028711, "traits": {}}}}