{"traits": {"candor": {"traits": {}, "value": 0.9985878707034297}, "humor": {"traits": {}, "value": 0.10116047929352223}, "sensuality": {"traits": {}, "value": 0.006077364525553741}, "meekness": {"traits": {}, "value": 0.6651348555278087}, "patience": {"traits": {}, "value": 0.6253400773707181}, "humility": {"traits": {}, "value": 0.9730514467888505}, "dicisiveness": {"traits": {}, "value": 0.015978715728095394}, "cruelty": {"traits": {}, "value": 0.46826856138138795}, "loyalty": {"traits": {}, "value": 0.4920234783294304}, "bulk_apperception": {"traits": {}, "value": 0.602309462709006}, "imagination": {"traits": {}, "value": 0.4985802453308943}, "courage": {"traits": {}, "value": 0.7623761255687987}, "charm": {"traits": {}, "value": 0.05886021958674115}, "curiosity": {"traits": {}, "value": 0.19484377642530037}, "tenacity": {"traits": {}, "value": 0.4021341088516688}, "vivacity": {"traits": {}, "value": 0.010693042768166294}, "self_preservation": {"traits": {}, "value": 0.3971275582267857}, "empathy": {"traits": {}, "value": 0.6197230260831812}, "coordination": {"traits": {}, "value": 0.5001815781278086}, "aggression": {"traits": {}, "value": 0.4845704538652835}}, "value": 0.25753959191737996}