{"value": 0.5867071758911552, "traits": {"vivacity": {"value": 0.797539553731786, "traits": {}}, "humility": {"value": 0.9875331242705668, "traits": {}}, "bulk_apperception": {"value": 0.9977733048606271, "traits": {}}, "candor": {"value": 0.12847607436256236, "traits": {}}, "cruelty": {"value": 0.12436683076325528, "traits": {}}, "patience": {"value": 0.6221916214596622, "traits": {}}, "dicisiveness": {"value": 0.6870233968171583, "traits": {}}, "courage": {"value": 0.7908053831765534, "traits": {}}, "self_preservation": {"value": 0.5138374050034602, "traits": {}}, "charm": {"value": 0.1453908975545375, "traits": {}}, "meekness": {"value": 0.5445717571267308, "traits": {}}, "loyalty": {"value": 0.10119476955539397, "traits": {}}, "empathy": {"value": 0.10427834897957211, "traits": {}}, "humor": {"value": 0.9765701665102693, "traits": {}}, "coordination": {"value": 0.5862552797282033, "traits": {}}, "curiosity": {"value": 0.6731974717876549, "traits": {}}, "sensuality": {"value": 0.5470764331302782, "traits": {}}, "aggression": {"value": 0.5538785933806959, "traits": {}}, "imagination": {"value": 0.5383306994094749, "traits": {}}, "tenacity": {"value": 0.39410935025771543, "traits": {}}}}