{"value": 0.048237916145417725, "traits": {"dicisiveness": {"value": 0.5693397654946292, "traits": {}}, "self_preservation": {"value": 0.586591586063352, "traits": {}}, "courage": {"value": 0.747398467584002, "traits": {}}, "bulk_apperception": {"value": 0.60239366856089, "traits": {}}, "loyalty": {"value": 0.07866128111201731, "traits": {}}, "candor": {"value": 0.516727844945719, "traits": {}}, "meekness": {"value": 0.17619247341515454, "traits": {}}, "humility": {"value": 0.9739814809468716, "traits": {}}, "curiosity": {"value": 0.30378731292089445, "traits": {}}, "cruelty": {"value": 0.16353757260154167, "traits": {}}, "tenacity": {"value": 0.6164810179130248, "traits": {}}, "sensuality": {"value": 0.5971525513770769, "traits": {}}, "imagination": {"value": 0.43674327337600705, "traits": {}}, "patience": {"value": 0.8916747806290262, "traits": {}}, "coordination": {"value": 0.5055523785618588, "traits": {}}, "charm": {"value": 0.045197360754976934, "traits": {}}, "aggression": {"value": 0.9923457537137752, "traits": {}}, "humor": {"value": 0.9911576298803113, "traits": {}}, "vivacity": {"value": 0.8624063015112853, "traits": {}}, "empathy": {"value": 0.7029161657820368, "traits": {}}}}