{"traits": {"vivacity": {"traits": {}, "value": 0.6223339998543925}, "self_preservation": {"traits": {}, "value": 0.8460091112117835}, "curiosity": {"traits": {}, "value": 0.4942010230551611}, "patience": {"traits": {}, "value": 0.6537308810228971}, "meekness": {"traits": {}, "value": 0.7132591619579851}, "loyalty": {"traits": {}, "value": 0.9176630476368624}, "candor": {"traits": {}, "value": 0.24577519046623064}, "cruelty": {"traits": {}, "value": 0.7039703324954942}, "dicisiveness": {"traits": {}, "value": 0.32167595196792453}, "imagination": {"traits": {}, "value": 0.6706525330434221}, "coordination": {"traits": {}, "value": 0.4883125416430777}, "bulk_apperception": {"traits": {}, "value": 0.0851795717318149}, "empathy": {"traits": {}, "value": 0.47557842311845555}, "tenacity": {"traits": {}, "value": 0.9116295919882388}, "courage": {"traits": {}, "value": 0.8235750733689771}, "sensuality": {"traits": {}, "value": 0.8404596760578972}, "aggression": {"traits": {}, "value": 0.12530569896795107}, "humor": {"traits": {}, "value": 0.7105715876251795}, "charm": {"traits": {}, "value": 0.4395893073697196}, "humility": {"traits": {}, "value": 0.81612803231607}}, "value": 0.14593556446224654}