{"humor": 0.9833594584579045, "bulk_apperception": 0.25832763159574457, "courage": 0.5644614569291823, "tenacity": 0.8065244002040093, "cruelty": 0.6287335301628438, "aggression": 0.5442815563654941, "imagination": 0.9605469761943988, "patience": 0.7492449792538833, "humility": 0.24402836323844923, "curiosity": 0.05793504102509106, "coordination": 0.41790522537936237, "charm": 0.9670193694279549, "loyalty": 0.8723705529482366, "sensuality": 0.9558582781658573, "empathy": 0.27759858388771586, "self_preservation": 0.5783096025430021, "dicisiveness": 0.3946547764683308, "meekness": 0.9444786695777742, "candor": 0.8237002217228931, "vivacity": 0.09513908992715858}