{"humor": 0.3962475221309578, "bulk_apperception": 0.5855901087932478, "courage": 0.729983428972011, "tenacity": 0.13136959286766492, "cruelty": 0.9654244588367403, "aggression": 0.8501504681423964, "imagination": 0.8643052422709213, "patience": 0.4293253825258998, "humility": 0.3672958386538032, "curiosity": 0.3670975783730983, "coordination": 0.8413303098438835, "charm": 0.8569374822799798, "loyalty": 0.07544382011591888, "sensuality": 0.5436002020940094, "empathy": 0.39272488797386984, "self_preservation": 0.4638767154551775, "dicisiveness": 0.7672816466608763, "meekness": 0.4177730108317089, "candor": 0.9617073317028711, "vivacity": 0.9023346891982041}