{"traits": {"vivacity": {"traits": {}, "value": 0.619111035288264}, "cruelty": {"traits": {}, "value": 0.8252743667822413}, "imagination": {"traits": {}, "value": 0.8655749268218808}, "self_preservation": {"traits": {}, "value": 0.25508791521057694}, "empathy": {"traits": {}, "value": 0.3437194789769029}, "humor": {"traits": {}, "value": 0.4951212803726531}, "humility": {"traits": {}, "value": 0.7418272504174723}, "bulk_apperception": {"traits": {}, "value": 0.5790939347635402}, "meekness": {"traits": {}, "value": 0.8541881747215774}, "curiosity": {"traits": {}, "value": 0.5648401527827105}, "aggression": {"traits": {}, "value": 0.1748385311063262}, "candor": {"traits": {}, "value": 0.12887950117659053}, "courage": {"traits": {}, "value": 0.7812076151203368}, "tenacity": {"traits": {}, "value": 0.8091896615936883}, "charm": {"traits": {}, "value": 0.5308790897695087}, "sensuality": {"traits": {}, "value": 0.31409855238572737}, "loyalty": {"traits": {}, "value": 0.5476124446787628}, "coordination": {"traits": {}, "value": 0.32802076997743923}, "dicisiveness": {"traits": {}, "value": 0.6214867921871678}, "patience": {"traits": {}, "value": 0.20975439727777012}}, "value": 0.8753724277306678}