{"traits": {"candor": {"traits": {}, "value": 0.8237002217228931}, "cruelty": {"traits": {}, "value": 0.6287335301628438}, "courage": {"traits": {}, "value": 0.5644614569291823}, "patience": {"traits": {}, "value": 0.7492449792538833}, "curiosity": {"traits": {}, "value": 0.05793504102509106}, "vivacity": {"traits": {}, "value": 0.09513908992715858}, "meekness": {"traits": {}, "value": 0.9444786695777742}, "charm": {"traits": {}, "value": 0.9670193694279549}, "sensuality": {"traits": {}, "value": 0.9558582781658573}, "imagination": {"traits": {}, "value": 0.9605469761943988}, "loyalty": {"traits": {}, "value": 0.8723705529482366}, "coordination": {"traits": {}, "value": 0.41790522537936237}, "tenacity": {"traits": {}, "value": 0.8065244002040093}, "dicisiveness": {"traits": {}, "value": 0.3946547764683308}, "empathy": {"traits": {}, "value": 0.27759858388771586}, "humility": {"traits": {}, "value": 0.24402836323844923}, "bulk_apperception": {"traits": {}, "value": 0.25832763159574457}, "self_preservation": {"traits": {}, "value": 0.5783096025430021}, "aggression": {"traits": {}, "value": 0.5442815563654941}, "humor": {"traits": {}, "value": 0.9833594584579045}}, "value": 0.969111380363992}