{"value": 0.8109635515926835, "traits": {"self_preservation": {"value": 0.29776281593434173, "traits": {}}, "humor": {"value": 0.7064360116950641, "traits": {}}, "sensuality": {"value": 0.4056081175171983, "traits": {}}, "curiosity": {"value": 0.32172799797492957, "traits": {}}, "dicisiveness": {"value": 0.25991754747806906, "traits": {}}, "bulk_apperception": {"value": 0.6757537396713658, "traits": {}}, "charm": {"value": 0.41839413170372364, "traits": {}}, "imagination": {"value": 0.026272023685085744, "traits": {}}, "courage": {"value": 0.3807785575480588, "traits": {}}, "vivacity": {"value": 0.6065041467860042, "traits": {}}, "tenacity": {"value": 0.9361782360194532, "traits": {}}, "candor": {"value": 0.8752659367056559, "traits": {}}, "coordination": {"value": 0.3921969581952216, "traits": {}}, "humility": {"value": 0.07100690778234287, "traits": {}}, "patience": {"value": 0.8531125921694697, "traits": {}}, "meekness": {"value": 0.9225120856878312, "traits": {}}, "cruelty": {"value": 0.009420373267724158, "traits": {}}, "empathy": {"value": 0.12109019505883212, "traits": {}}, "loyalty": {"value": 0.7817029978595255, "traits": {}}, "aggression": {"value": 0.18988875629802426, "traits": {}}}}