{"humor": 0.9752004367430588, "bulk_apperception": 0.45809969469064826, "courage": 0.8681400202779387, "tenacity": 0.1375042225957922, "cruelty": 0.9524173703853025, "aggression": 0.4499666299986842, "imagination": 0.5778128772951308, "patience": 0.6912965076944886, "humility": 0.5478008645931428, "curiosity": 0.33694437809603506, "coordination": 0.008362791915609624, "charm": 0.6142743631274811, "loyalty": 0.6791998162697855, "sensuality": 0.6352106245312151, "empathy": 0.7146442204428234, "self_preservation": 0.8359737108156381, "dicisiveness": 0.7496676279778058, "meekness": 0.03484502837932146, "candor": 0.2856544964259953, "vivacity": 0.3561538026195469}