{"traits": {"candor": {"traits": {}, "value": 0.2997721944625029}, "humor": {"traits": {}, "value": 0.26400573791006154}, "sensuality": {"traits": {}, "value": 0.91127720867952}, "meekness": {"traits": {}, "value": 0.8341443144961131}, "patience": {"traits": {}, "value": 0.6904243412179568}, "humility": {"traits": {}, "value": 0.5210996527842802}, "dicisiveness": {"traits": {}, "value": 0.13580397307538428}, "cruelty": {"traits": {}, "value": 0.15309739123424448}, "loyalty": {"traits": {}, "value": 0.6603620088455923}, "bulk_apperception": {"traits": {}, "value": 0.9302985168727899}, "imagination": {"traits": {}, "value": 0.8764005676542507}, "courage": {"traits": {}, "value": 0.3316991395433938}, "charm": {"traits": {}, "value": 0.008278292032574464}, "curiosity": {"traits": {}, "value": 0.48101733385122314}, "tenacity": {"traits": {}, "value": 0.5860055021109517}, "vivacity": {"traits": {}, "value": 0.14766430552519794}, "self_preservation": {"traits": {}, "value": 0.4678783892016858}, "empathy": {"traits": {}, "value": 0.9759338277870074}, "coordination": {"traits": {}, "value": 0.8719205816358595}, "aggression": {"traits": {}, "value": 0.0007488656227669921}}, "value": 0.4834570914843306}