{"humor": 0.7707001523503699, "bulk_apperception": 0.7397595636803816, "courage": 0.34603668687477773, "tenacity": 0.26708964600911334, "cruelty": 0.5823995348829536, "aggression": 0.8118038860294525, "imagination": 0.22719199397986845, "patience": 0.27951291758361085, "humility": 0.40257381260949554, "curiosity": 0.6764190196770313, "coordination": 0.26338603343898237, "charm": 0.457733157929739, "loyalty": 0.538973053020538, "sensuality": 0.708629199416319, "empathy": 0.5749001123996401, "self_preservation": 0.9869149026001284, "dicisiveness": 0.003827844849108808, "meekness": 0.9308207426380891, "candor": 0.700475358007139, "vivacity": 0.6973808859312268}